,text
0, registro temporalmente gratuito aparta tu lugar miércoles de octubre am cdmx webinar identificando 
1,rt por qué se demora el pago de la leche acopiada entregada via agriculturacubana
2, cervantinoentv lemon milk un proyecto franco mexicano liderado por el productor rafa navajas presencia ele 
3,rt capacitación docentes estudiantes de pregrado posgrado de la facultad de ciencias humanas de la ua sobre bibliotec 
5,rt el deporte cubano aumenta su prestigio via 
6,rt no te pierdas la cuarta fecha del campeonato tercera división por las pantallas de domingo octubr 
7,no te pierdas la cuarta fecha del campeonato tercera división por las pantallas de domingo 
8,el concierto se podrá ver en directo desde cualquier país través del digital concert hall de la el 
10,rt happy day capítulo publicidad en japón edificio kokumin shinsaibashi big digital signage de octubr 
11, este viernes de octubre de pm pm gmt llevaremos cabo el webinar mapping semanal del 
12,capacitación docentes estudiantes de pregrado posgrado de la facultad de ciencias humanas de la ua sobre bibl 
13,rt jornada online callejero digital de andalucía unificado para técnicos de la administración local de octubre de 
14, jornada online callejero digital de andalucía unificado para técnicos de la administración local de octubr 
15,rt euregionsweek en la cv sabes cómo funciona la política de cohesión de la ue como contribuye al desarrollo de nuestr 
16,rt el festival poesía en voz alta edición digital inicia actividades con una conversación entre 
17,el festival poesía en voz alta edición digital inicia actividades con una conversación entre 
20,rt director de gobierno digital participará hoy las en el panel efecto de la transformaci 
21, porsiteloperdiste revive el último episodio de eureka la radio tromponauta sigue la frecuencia digital todos los 
22, este domingo vamos por la revancha recibimos en nuestra casa estadio alberto larragui 
23,capacitación mayores en red cargo de la ps bárbara ferreyra que se enmarca en el programa de inclusi 
35, director de gobierno digital participará hoy las en el panel efecto de la transf 
36,desde el mundo digital vive ciencia arte tecnología diversión interactiva que tendrás en eltrompotv conéctate 
37, por qué se demora el pago de la leche acopiada entregada via 
38, los primeros juegos deportivos panamericanos de la juventud piensan en el futuro cuba 
40,rt la ue ha publicado dos oposiciones nivel ad criminalística digital análisis estratégico operativo fecha lími 
41,los primeros juegos deportivos panamericanos de la juventud piensan en el futuro cuba 
42,rt domingo horas estreno simultáneo en ucv tv señal digital abierta en youtube klaneme tv 
43,cali será la sede principal las subsedes palmira yumbo jamundí buga calima el darién del de noviembre al 
50, euregionsweek en la cv sabes cómo funciona la política de cohesión de la ue como contribuye al desarrollo de 
51,la ue ha publicado dos oposiciones nivel ad criminalística digital análisis estratégico operativo 
52,rt registro temporalmente gratuito aparta tu lugar miércoles de octubre am cdmx webinar identificando el adn de 
53, domingo horas estreno simultáneo en ucv tv señal digital abierta en youtube klaneme tv streaming 
54, cervantinoentv nogravity inferno inferno reúne el teatro físico la acrobacia aérea danza de ilusión par 
56,rt amigos los veo en la las estaremos presentando cronicasdebanquetaellibro acompañados de mis ami 
59,rt tasa partir de la pm miercoles cotizando tasa reflejada en bs digital zoomcolombia contáctanos 
60,rt horario de stream definitivo por fin martes luna fishing garden jueves potion craft sabado 
61,tasa partir de la pm miercoles cotizando tasa reflejada en bs digital zoomcolombia 
62,rt por qué se demora el pago de la leche acopiada entregada via 
65,amigos los veo en la las estaremos presentando cronicasdebanquetaellibro acompañados de mis 
66,la secretaría de energía impulsa la conectividad digital en provincias sí una de ellas es mendoza 
67, hablamos de la regulación del sector de criptomonedas de las oportunidades de inversión que ofrecemos en 
69,rt happy day capítulo publicidad en osaka segunda publicidad en japón edificio kokumin shinsaibashi big 
70,ømi you prod suga of bts se lanzará el single digital el mv oficial el de octubre las am kst 
71, por qué se demora el pago de la leche acopiada entregada via agriculturacubana
73,rt rodrigo un talento desbordante de futuro via 
75,canción contigo via 
76,rodrigo un talento desbordante de futuro via 
78,los primeros juegos deportivos panamericanos de la juventud piensan en el futuro via 
79,codina pone otra vez la bola en juego via 
80,el deporte cubano aumenta su prestigio via 
81,brasil es líder invicto en eliminatorias de conmebol via 
82,los censos en cuba via 
83, happy day capítulo publicidad en japón edificio kokumin shinsaibashi big digital signage de 
88,nuestro director general antonio palacio presentó bitsa rewards en habló sobre el presente fu 
89, viernesdec junto de octubre online hablaremos sobre cómo empoderar l 
92, happy day capítulo publicidad en osaka segunda publicidad en japón edificio kokumin shinsaibashi 
93,ya se acerca el vo encuentro del tercer ciclo del ceva business program jueves de hs marca 
96, de octubre de h centroamérica h españa foro transformacióndigital en el sectorpúblico 
98,equipo de laboratorio de pipetas multicanal de tienda oficial joanlab micropipeta ajustable digital manual pipeta 
100, por qué se demora el pago de la leche acopiada entregada via taguasco pensarcomopais
101,rt este gobierno tiene como prioridad salvaguardar la salud la vida de cada salvadoreño por ello el proceso de verificació 
103,rt iicpucp conversatorio arte antropología procesos de investigación nuevos modos de circulación fecha 
104, cuba para el prestigioso intelectual alejo carpentier hay dos tipos de música populares que conquistaron al plan 
105,recientemente quedó constituida la comisión de coordinación nacional del censo de población viviendas presi 
106,según la oficina nacional de estadística información onei el primer censo reconocido en cuba se efectuó en 
107,las eliminatorias sudamericanas rumbo al mundial de catar superan la mitad del camino este fin de semana se 
108,en abril de este año el gobierno de cuba aprobó medidas de flexibilización en el sector agropecuario 
110,rt participa en el foro económico de las américas evento digital que abordará temas de interés sobre la reactivación económic 
112,participa en el foro económico de las américas evento digital que abordará temas de interés sobre la reactivación 
113, recuerda te invita participar una clase gratuita con director del máster en 
116,rt la innovación tecnológica ha generado oportunidades en nuestro sistema de salud aún puede registrarse para conocer de estas 
118,rt hoy consultas virtuales gratuitas realiza tus consultas sobre marketing digital no te quedes con dudas link de insc 
119,rt codina pone otra vez la bola en juego via 
121,canción contigo artemisa cuba via 
122,el deporte cubano aumenta su prestigio artemisa cuba 
123,los primeros juegos deportivos panamericanos de la juventud piensan en el futuro artemisa cuba 
137, este gobierno tiene como prioridad salvaguardar la salud la vida de cada salvadoreño por ello el proceso de ver 
142,hoy consultas virtuales gratuitas realiza tus consultas sobre marketing digital no te quedes con dudas 
144,la innovación tecnológica ha generado oportunidades en nuestro sistema de salud aún puede registrarse para conocer 
145, codina pone otra vez la bola en juego cuando el beisbol se parece al cine obra de norberto codin 
146,hoy sugerimos la lectura de codina pone otra vez la bola en juego cuando el beisbol se parece al cine obra de no 
147,rt el che en la realización de la utopía via 
150, cuba prepara más de atletas para participar en más de deportes en un certamen que en total entregará 
151,el deporte de cuba es reconocido nivel panamericano 
152,los invitamos leer canción contigo un artículo de opinión de pedro de la hoz el programa televisivo canción 
153,rt canción contigo via 
155,rt los primeros juegos deportivos panamericanos de la juventud piensan en el futuro via 
165,rt queremos invitarte la clase abierta que ofrecerá la universidad del internet denominada transf 
178, quieres seguir ahondando en el mundo digital atenta a los talleres formativos de ekitendigitala crea montaj 
179,rt por qué se demora el pago de la leche acopiada entregada via se demora porque 
180, por qué se demora el pago de la leche acopiada entregada via se demora 
181,hola amig mañana de octubre estaremos en entrevista con lilia cruz la shula lilia cruz 
182,rt lo sé tengo mis hijas esposo unos bonos patéticos pero nos ayudan un poco pero su nómina es la que cu 
183, lo sé tengo mis hijas esposo unos bonos patéticos pero nos ayudan un poco pero su nómina es 
184,rt agradece maduro el arribo venezuela de nuevo lote de abdala via 
185,rt fecha martes de octubre m m plataforma digital zoom id código de acces 
186,recuerden participar en el evento digital con motivo del día conalep de los pueblos indígenas el cual se llevará 
187, iicpucp conversatorio arte antropología procesos de investigación nuevos modos de circulación fe 
188,informamos nuestros usuarios de san antonio que se realizarán trabajos de mantenimiento en red de tv digital de 
189, iicpucp conversatorio la etnografía en la era digital retos posibilidades fecha martes de octu 
191, semilleroappspuntoco emprendedores de antioquia fortalezcan sus habilidades digitales empiecen este camino con 
192, fecha martes de octubre m m plataforma digital zoom id códi 
193,rt capacitación biblioteca digital facultad de ingeniería martes de octubre de de m a cargo 
194,la innovación tecnológica ha generado oportunidades en nuestro sistema de salud conozca de estas futuras transform 
195,rt mañana martes de octubre las hrs nos vemos en un nuevo encuentro digital para comentar el mundo post covid de 
196, mañana martes de octubre las hrs nos vemos en un nuevo encuentro digital para comentar el mundo post co 
198,horario de stream definitivo por fin martes luna fishing garden jueves potion craft 
199, what_did_junki_do_today prologue digital release jo th si 
200,capacitación biblioteca digital facultad de ingeniería martes de octubre de de m a 
201,rt este de octubre la unidad móvil de colpensiones trae beneficios para emprendedores independientes que no estén co 
202,este de octubre la unidad móvil de colpensiones trae beneficios para emprendedores independientes que no estén 
203,rt con su ejemplo permanente el che en la realización de la utopía via 
204,mañana de octubre la unidad móvil de colpensiones trae beneficios para emprendedores independientes que no est 
